Workbook

Sheet Overview
B1: Weekly Dashboard — March 24, 2026
B2: Ashwin Conrad | Low Voltage Electrical Lead | UA FSAE
B4: Project Status Summary
B5: Project | C5: Category | D5: Status | E5: Priority | F5: Active Tasks | G5: % Complete | H5: Allocated (hrs) | I5: Spent (hrs)
B6: Wiring Harness Design & Documentation | C6: Ongoing | D6: In Progress | E6: P1 – Urgent | F6: 1 | G6: 4/8 | H6: — | I6: —
B7: Wiring Harness Construction | C7: Ongoing | D7: In Progress | E7: P1 – Urgent | F7: 4 | G7: 3/16 | H7: — | I7: —
B8: Harness Cost Report | C8: Ongoing | D8: Not Started | E8: P1 – Urgent | F8: 3 | G8: 0/11 | H8: — | I8: —
B9: Harness Design Brief | C9: Weekly | D9: Not Started | E9: P2 – High | F9: 2 | G9: 0/10 | H9: — | I9: —
B10: Harness Design Binder | C10: Weekly | D10: Not Started | E10: P3 – Medium | F10: 2 | G10: 0/9 | H10: — | I10: —
B12: Weekly Schedule
B13: Priority | C13: Tue 03/24 | D13: Wed 03/25 | E13: Thu 03/26 | F13: Fri 03/27 | G13: Sat 03/28 | H13: Sun 03/29 | I13: Mon 03/30
B14: P1 – Urgent | C14: Shutdown Circuit (SDC) Installation | D14: Cost Report Compilation & Submission
B15: P2 – High | C15: Wiring Diagrams & Legends | D15: Assembly Structure & Part Numbers | E15: Pin & Label All Wires | F15: Parts Itemization | G15: Connector Installation | H15: Taping, Sheathing & Sealing | I15: Design Brief Content Development
B16: P3 – Medium | C16: Design Brief Review & Submission | D16: Design Binder Compilation | E16: Final Binder Review & Submission
B17: P4 – Low
B18: P5 – Background
B20: Time Overview
B21: Project | C21: Allocated (hrs) | D21: Spent (hrs) | E21: Remaining (hrs) | F21: Utilization %
B22: Wiring Harness Design & Documentation | C22: — | D22: — | E22: — | F22: —
B23: Wiring Harness Construction | C23: — | D23: — | E23: — | F23: —
B24: Harness Cost Report | C24: — | D24: — | E24: — | F24: —
B25: Harness Design Brief | C25: — | D25: — | E25: — | F25: —
B26: Harness Design Binder | C26: — | D26: — | E26: — | F26: —
B27: TOTAL | C27: — | D27: — | E27: — | F27: —
B29: Upcoming Deadlines (Next 14 Days)
B30: Deadline | C30: Item | D30: Status | E30: Parent
B31: 2026-03-25 | C31: Source and verify SDC components | D31: Not Started | E31: Shutdown Circuit (SDC) Installation
B32: 2026-03-25 | C32: Define assembly hierarchy | D32: Not Started | E32: Assembly Structure & Part Numbers
B33: 2026-03-26 | C33: Create part numbering scheme | D33: Not Started | E33: Assembly Structure & Part Numbers
B34: 2026-03-28 | C34: Route SDC wiring through harness | D34: Not Started | E34: Shutdown Circuit (SDC) Installation
B35: 2026-03-30 | C35: Wiring Diagrams & Legends | D35: In Progress | E35: Wiring Harness Design & Documentation
B36: 2026-03-30 | C36: Create harness assembly drawing | D36: In Progress | E36: Wiring Diagrams & Legends
B37: 2026-03-30 | C37: Crimp pins and terminals on all wire ends | D37: Not Started | E37: Pin & Label All Wires
B38: 2026-03-30 | C38: Assembly Structure & Part Numbers | D38: Not Started | E38: Harness Cost Report
B39: 2026-03-30 | C39: Assign part numbers to all components | D39: Not Started | E39: Assembly Structure & Part Numbers
B40: 2026-04-01 | C40: Shutdown Circuit (SDC) Installation | D40: Not Started | E40: Wiring Harness Construction
B41: 2026-04-01 | C41: Integrate SDC into harness and test loop continuity | D41: Not Started | E41: Shutdown Circuit (SDC) Installation
... B56: 2026-04-07 | C56: Apply protective sheathing and loom | D56: Not Started | E56: Taping, Sheathing & Sealing

Sheet Projects
A1: Project ID | B1: Title | C1: Category | D1: Supervisor | E1: Site | F1: Description | G1: Status | H1: Priority | I1: Start Date | J1: End Date | K1: Deadline | L1: Date Completed | M1: Notes
A2: P-001 | B2: Wiring Harness Design & Documentation | C2: Ongoing | F2: Complete all design schematics, wiring diagrams, legends, and technical documentation for the FSAE wiring harness. | G2: In Progress | I2: 45962 | J2: 46111 | K2: 46122
A3: P-002 | B3: Wiring Harness Construction | C3: Ongoing | F3: Physical build of the FSAE wiring harness — from form board through final sealed assembly. | G3: In Progress | I3: 46037 | K3: 46122
A4: P-003 | B4: Harness Cost Report | C4: Ongoing | F4: FSAE cost report for the wiring harness — assembly structure, part numbers, BOM, and pricing. | G4: Not Started | I4: 46104 | K4: 46122
A5: P-004 | B5: Harness Design Brief | C5: Weekly | F5: 6-slide presentation outlining all key design decisions for the FSAE wiring harness. | G5: Not Started | I5: 46123 | K5: 46159
A6: P-005 | B6: Harness Design Binder | C6: Weekly | F6: Compile all harness documentation — schematics, diagrams, legends, cost report, design brief, test records — into a single design binder. | G6: Not Started | I6: 46160 | K6: 46174

Sheet Tasks
A1: Task ID | B1: Project ID | C1: Title | D1: Description | E1: Supervisor | F1: Site | G1: Status | H1: Priority | I1: Start Date | J1: End Date | K1: Deadline | L1: Status Commentary | M1: Date Completed
A2: T-001 | B2: P-001 | C2: Harness Schematic Design | D2: Create the full electrical schematic for the wiring harness including all circuits, power distribution, and grounding. | F2: UA | G2: Completed | H2: 1 | I2: 45962 | J2: 46037 | K2: 46037 | L2: Schematic design phase complete. All circuits defined. | M2: 46037
A3: T-002 | B3: P-001 | C3: Wiring Diagrams & Legends | D3: Produce detailed wiring diagrams and legend documentation for all harness circuits and connectors. | F3: UA | G3: In Progress | H3: 2 | I3: 45992 | K3: 46111 | L3: Currently working through documentation. Diagrams and legends in progress. | N3: 46105
A4: T-003 | B4: P-002 | C4: Harness Shape & Form Board | D4: Build the harness jig/form board and lay out primary wire routing paths. | F4: UA | G4: Completed | H4: 1 | I4: 46037 | J4: 46081 | K4: 46081 | L4: Form board built. Harness shape established. | M4: 46081
A5: T-004 | B5: P-002 | C5: Shutdown Circuit (SDC) Installation | D5: Route, wire, and integrate the mandatory FSAE shutdown circuit into the harness. | F5: UA | G5: Not Started | H5: 1 | I5: 46104 | K5: 46113 | N5: 46105
A6: T-005 | B6: P-002 | C6: Pin & Label All Wires | D6: Crimp pins/terminals on every wire end and apply identification labels. | F6: UA | G6: Not Started | H6: 2 | I6: 46106 | K6: 46115 | N6: 46107
A7: T-006 | B7: P-002 | C7: Connector Installation | D7: Insert pinned wires into all connectors and verify seating and retention. | F7: UA | G7: Not Started | H7: 2 | I7: 46113 | K7: 46117 | N7: 46109
A8: T-007 | B8: P-002 | C8: Taping, Sheathing & Sealing | D8: Complete harness finish work — bundling, protection, and environmental sealing. | F8: UA | G8: Not Started | H8: 2 | I8: 46117 | K8: 46122 | N8: 46110
A9: T-008 | B9: P-003 | C9: Assembly Structure & Part Numbers | D9: Define the assembly hierarchy and assign FSAE-compliant part numbers to every component. | F9: UA | G9: Not Started | H9: 2 | I9: 46104 | K9: 46111 | N9: 46106
A10: T-009 | B10: P-003 | C10: Parts Itemization | D10: Catalog every harness component with specifications, lengths, and quantities. | F10: UA | G10: Not Started | H10: 2 | I10: 46109 | K10: 46117 | N10: 46108
A11: T-010 | B11: P-003 | C11: Cost Report Compilation & Submission | D11: Source pricing, calculate totals, format to FSAE template, and submit. | F11: UA | G11: Not Started | H11: 1 | I11: 46115 | K11: 46122 | N11: 46106
A12: T-011 | B12: P-004 | C12: Design Brief Content Development | D12: Research, outline, and draft all 6 slides for the harness design brief. | F12: UA | G12: Not Started | H12: 2 | I12: 46123 | K12: 46149 | N12: 46111
A13: T-012 | B13: P-004 | C13: Design Brief Review & Submission | D13: Internal review, incorporate feedback, and submit the final design brief. | F13: UA | G13: Not Started | H13: 3 | I13: 46149 | K13: 46159 | N13: 46105
A14: T-013 | B14: P-005 | C14: Design Binder Compilation | D14: Gather, organize, and compile all harness documentation into a single binder. | F14: UA | G14: Not Started | H14: 3 | I14: 46160 | K14: 46170 | N14: 46106
A15: T-014 | B15: P-005 | C15: Final Binder Review & Submission | D15: Review the compiled binder for completeness, format, and submit. | F15: UA | G15: Not Started | H15: 3 | I15: 46170 | K15: 46174 | N15: 46107

Sheet Deliverables
A1: Deliverable ID | B1: Task ID | C1: Title | D1: Description | E1: Status | F1: Start Date | G1: End Date | H1: Deadline | I1: % Complete
A2: D-001 | B2: T-001 | C2: Define all electrical circuits and loads | D2: Identify every circuit on the car: power, signal, sensor, actuator. | E2: Completed | F2: 45962 | G2: 45992 | H2: 45992 | I2: 100
A3: D-002 | B3: T-001 | C3: Create full electrical schematic | D3: Draw complete wiring schematic showing all connections, fuses, relays, and ECU pinouts. | E3: Completed | F3: 45992 | G3: 46011 | H3: 46011 | I3: 100
A4: D-003 | B4: T-001 | C4: Define wire gauges and types per circuit | D4: Select appropriate wire gauge, insulation type, and color for each circuit based on current draw. | E4: Completed | F4: 46006 | G4: 46032 | H4: 46032 | I4: 100
A5: D-004 | B5: T-001 | C5: Finalize harness routing layout | D5: Define physical routing paths on the chassis for every branch of the harness. | E5: Completed | F5: 46027 | G5: 46037 | H5: 46037 | I5: 100
A6: D-005 | B6: T-002 | C6: Complete circuit wiring diagrams | D6: Draw per-circuit wiring diagrams with pin assignments, wire colors, and routing notes. | E6: In Progress | F6: 45992 | H6: 46081 | I6: 70
A7: D-006 | B7: T-002 | C7: Create wire color code legend | D7: Document the color coding scheme for every wire function and circuit type. | E7: In Progress | F7: 46037 | H7: 46091 | I7: 50
A8: D-007 | B8: T-002 | C8: Document connector pinout tables | D8: Create pinout reference tables for every connector on the harness. | E8: In Progress | F8: 46054 | H8: 46101 | I8: 30
A9: D-008 | B9: T-002 | C9: Create harness assembly drawing | D9: Produce a dimensioned assembly drawing showing all branches, breakouts, and connector positions. | E9: In Progress | F9: 46068 | H9: 46111 | I9: 40
A10: D-009 | B10: T-003 | C10: Build harness jig / form board | D10: Construct the physical board with standoffs matching chassis routing. | E10: Completed | F10: 46037 | G10: 46068 | H10: 46068 | I10: 100
A11: D-010 | B11: T-003 | C11: Route primary wire paths on form board | D11: Lay wires along defined paths, establish branch points and breakouts. | E11: Completed | F11: 46063 | G11: 46081 | H11: 46081 | I11: 100
A12: D-011 | B12: T-003 | C12: Cut wires to length | D12: Measure and cut all wires with service-loop allowance per the routing layout. | E12: Completed | F12: 46073 | G12: 46081 | H12: 46081 | I12: 100
A13: D-012 | B13: T-004 | C13: Source and verify SDC components | D13: Confirm all SDC switches, relays, and interlocks are on hand and to spec. | E13: Not Started | F13: 46104 | H13: 46106 | I13: 0
A14: D-013 | B14: T-004 | C14: Route SDC wiring through harness | D14: Run SDC loop wiring along defined path, maintaining isolation from signal wires. | E14: Not Started | F14: 46106 | H14: 46109 | I14: 0
A15: D-014 | B15: T-004 | C15: Integrate SDC into harness and test loop continuity | D15: Connect SDC inline with harness, verify the full loop opens/closes correctly. | E15: Not Started | F15: 46109 | H15: 46113 | I15: 0
A16: D-015 | B16: T-005 | C16: Crimp pins and terminals on all wire ends | D16: Crimp correct pin/terminal for each connector type onto every wire. | E16: Not Started | F16: 46106 | H16: 46111 | I16: 0
A17: D-016 | B17: T-005 | C17: Apply wire labels and heat-shrink IDs | D17: Label every wire at both ends with circuit ID using printed heat-shrink or flag labels. | E17: Not Started | F17: 46109 | H17: 46113 | I17: 0
A18: D-017 | B18: T-005 | C18: Continuity check on all pinned wires | D18: Verify end-to-end continuity on every crimped and labeled wire. | E18: Not Started | F18: 46113 | H18: 46115 | I18: 0
A19: D-018 | B19: T-006 | C19: Install inline connectors | D19: Insert pins into inline connector housings per pinout tables. | E19: Not Started | F19: 46113 | H19: 46115 | I19: 0
A20: D-019 | B20: T-006 | C20: Install bulkhead and panel-mount connectors | D20: Populate and secure all panel-mount and bulkhead connectors. | E20: Not Started | F20: 46114 | H20: 46116 | I20: 0
A21: D-020 | B21: T-006 | C21: Verify connector seating and pin retention | D21: Tug-test every pin, confirm TPA clips engaged, and check for backed-out pins. | E21: Not Started | F21: 46116 | H21: 46117 | I21: 0
A22: D-021 | B22: T-007 | C22: Tape wire bundles at branch points | D22: Spot-tape and spiral-wrap all branch junctions to secure wire groupings. | E22: Not Started | F22: 46117 | H22: 46118 | I22: 0
A23: D-022 | B23: T-007 | C23: Apply protective sheathing and loom | D23: Slide braided loom or split conduit over all harness trunks and branches. | E23: Not Started | F23: 46118 | H23: 46119 | I23: 0
A24: D-023 | B24: T-007 | C24: Seal harness endpoints and grommets | D24: Apply heat-shrink boots, grommets, and sealant at all harness pass-throughs. | E24: Not Started | F24: 46119 | H24: 46121 | I24: 0
... A55: D-054 | B55: T-014 | C55: Submit design binder | D55: Deliver the completed design binder. | E55: Not Started | F55: 46173 | H55: 46174 | I55: 0

Sheet Timelines
A1: Item ID | B1: Item Type | C1: Title | D1: Parent ID | E1: Start Date | F1: Duration (days) | G1: End Date | H1: Deadline | I1: Status | J1: % Complete | K1: Time Allocated | L1: Time Spent | M1: Scheduled Date | N1: Milestones
A2: P-001 | B2: Project | C2: =IFERROR(VLOOKUP($A2,'Projects'!$A:$M,2,FALSE),"") | E2: =IFERROR(VLOOKUP($A2,'Projects'!$A:$M,9,FALSE),"") | F2: =IFERROR(IF(F2="","",G2-F2),"") | G2: =IFERROR(VLOOKUP($A2,'Projects'!$A:$M,10,FALSE),"") | H2: =IFERROR(VLOOKUP($A2,'Projects'!$A:$M,11,FALSE),"") | I2: =IFERROR(VLOOKUP($A2,'Projects'!$A:$M,7,FALSE),"")
A3: P-002 | B3: Project | C3: =IFERROR(VLOOKUP($A3,'Projects'!$A:$M,2,FALSE),"") | E3: =IFERROR(VLOOKUP($A3,'Projects'!$A:$M,9,FALSE),"") | F3: =IFERROR(IF(F3="","",G3-F3),"") | G3: =IFERROR(VLOOKUP($A3,'Projects'!$A:$M,10,FALSE),"") | H3: =IFERROR(VLOOKUP($A3,'Projects'!$A:$M,11,FALSE),"") | I3: =IFERROR(VLOOKUP($A3,'Projects'!$A:$M,7,FALSE),"")
A4: P-003 | B4: Project | C4: =IFERROR(VLOOKUP($A4,'Projects'!$A:$M,2,FALSE),"") | E4: =IFERROR(VLOOKUP($A4,'Projects'!$A:$M,9,FALSE),"") | F4: =IFERROR(IF(F4="","",G4-F4),"") | G4: =IFERROR(VLOOKUP($A4,'Projects'!$A:$M,10,FALSE),"") | H4: =IFERROR(VLOOKUP($A4,'Projects'!$A:$M,11,FALSE),"") | I4: =IFERROR(VLOOKUP($A4,'Projects'!$A:$M,7,FALSE),"")
A5: P-004 | B5: Project | C5: =IFERROR(VLOOKUP($A5,'Projects'!$A:$M,2,FALSE),"") | E5: =IFERROR(VLOOKUP($A5,'Projects'!$A:$M,9,FALSE),"") | F5: =IFERROR(IF(F5="","",G5-F5),"") | G5: =IFERROR(VLOOKUP($A5,'Projects'!$A:$M,10,FALSE),"") | H5: =IFERROR(VLOOKUP($A5,'Projects'!$A:$M,11,FALSE),"") | I5: =IFERROR(VLOOKUP($A5,'Projects'!$A:$M,7,FALSE),"")
A6: P-005 | B6: Project | C6: =IFERROR(VLOOKUP($A6,'Projects'!$A:$M,2,FALSE),"") | E6: =IFERROR(VLOOKUP($A6,'Projects'!$A:$M,9,FALSE),"") | F6: =IFERROR(IF(F6="","",G6-F6),"") | G6: =IFERROR(VLOOKUP($A6,'Projects'!$A:$M,10,FALSE),"") | H6: =IFERROR(VLOOKUP($A6,'Projects'!$A:$M,11,FALSE),"") | I6: =IFERROR(VLOOKUP($A6,'Projects'!$A:$M,7,FALSE),"")
A7: T-001 | B7: Task | C7: =IFERROR(VLOOKUP($A7,'Tasks'!$A:$M,3,FALSE),"") | D7: =IFERROR(VLOOKUP($A7,'Tasks'!$A:$M,2,FALSE),"") | E7: =IFERROR(VLOOKUP($A7,'Tasks'!$A:$M,9,FALSE),"") | F7: =IFERROR(IF(F7="","",G7-F7),"") | G7: =IFERROR(VLOOKUP($A7,'Tasks'!$A:$M,10,FALSE),"") | H7: =IFERROR(VLOOKUP($A7,'Tasks'!$A:$M,11,FALSE),"") | I7: =IFERROR(VLOOKUP($A7,'Tasks'!$A:$M,7,FALSE),"") | M7: =IFERROR(VLOOKUP($A7,'Tasks'!$A:$M,14,FALSE),"")
A8: T-002 | B8: Task | C8: =IFERROR(VLOOKUP($A8,'Tasks'!$A:$M,3,FALSE),"") | D8: =IFERROR(VLOOKUP($A8,'Tasks'!$A:$M,2,FALSE),"") | E8: =IFERROR(VLOOKUP($A8,'Tasks'!$A:$M,9,FALSE),"") | F8: =IFERROR(IF(F8="","",G8-F8),"") | G8: =IFERROR(VLOOKUP($A8,'Tasks'!$A:$M,10,FALSE),"") | H8: =IFERROR(VLOOKUP($A8,'Tasks'!$A:$M,11,FALSE),"") | I8: =IFERROR(VLOOKUP($A8,'Tasks'!$A:$M,7,FALSE),"") | M8: =IFERROR(VLOOKUP($A8,'Tasks'!$A:$M,14,FALSE),"")
A9: T-003 | B9: Task | C9: =IFERROR(VLOOKUP($A9,'Tasks'!$A:$M,3,FALSE),"") | D9: =IFERROR(VLOOKUP($A9,'Tasks'!$A:$M,2,FALSE),"") | E9: =IFERROR(VLOOKUP($A9,'Tasks'!$A:$M,9,FALSE),"") | F9: =IFERROR(IF(F9="","",G9-F9),"") | G9: =IFERROR(VLOOKUP($A9,'Tasks'!$A:$M,10,FALSE),"") | H9: =IFERROR(VLOOKUP($A9,'Tasks'!$A:$M,11,FALSE),"") | I9: =IFERROR(VLOOKUP($A9,'Tasks'!$A:$M,7,FALSE),"") | M9: =IFERROR(VLOOKUP($A9,'Tasks'!$A:$M,14,FALSE),"")
A10: T-004 | B10: Task | C10: =IFERROR(VLOOKUP($A10,'Tasks'!$A:$M,3,FALSE),"") | D10: =IFERROR(VLOOKUP($A10,'Tasks'!$A:$M,2,FALSE),"") | E10: =IFERROR(VLOOKUP($A10,'Tasks'!$A:$M,9,FALSE),"") | F10: =IFERROR(IF(F10="","",G10-F10),"") | G10: =IFERROR(VLOOKUP($A10,'Tasks'!$A:$M,10,FALSE),"") | H10: =IFERROR(VLOOKUP($A10,'Tasks'!$A:$M,11,FALSE),"") | I10: =IFERROR(VLOOKUP($A10,'Tasks'!$A:$M,7,FALSE),"") | M10: =IFERROR(VLOOKUP($A10,'Tasks'!$A:$M,14,FALSE),"")
A11: T-005 | B11: Task | C11: =IFERROR(VLOOKUP($A11,'Tasks'!$A:$M,3,FALSE),"") | D11: =IFERROR(VLOOKUP($A11,'Tasks'!$A:$M,2,FALSE),"") | E11: =IFERROR(VLOOKUP($A11,'Tasks'!$A:$M,9,FALSE),"") | F11: =IFERROR(IF(F11="","",G11-F11),"") | G11: =IFERROR(VLOOKUP($A11,'Tasks'!$A:$M,10,FALSE),"") | H11: =IFERROR(VLOOKUP($A11,'Tasks'!$A:$M,11,FALSE),"") | I11: =IFERROR(VLOOKUP($A11,'Tasks'!$A:$M,7,FALSE),"") | M11: =IFERROR(VLOOKUP($A11,'Tasks'!$A:$M,14,FALSE),"")
A12: T-006 | B12: Task | C12: =IFERROR(VLOOKUP($A12,'Tasks'!$A:$M,3,FALSE),"") | D12: =IFERROR(VLOOKUP($A12,'Tasks'!$A:$M,2,FALSE),"") | E12: =IFERROR(VLOOKUP($A12,'Tasks'!$A:$M,9,FALSE),"") | F12: =IFERROR(IF(F12="","",G12-F12),"") | G12: =IFERROR(VLOOKUP($A12,'Tasks'!$A:$M,10,FALSE),"") | H12: =IFERROR(VLOOKUP($A12,'Tasks'!$A:$M,11,FALSE),"") | I12: =IFERROR(VLOOKUP($A12,'Tasks'!$A:$M,7,FALSE),"") | M12: =IFERROR(VLOOKUP($A12,'Tasks'!$A:$M,14,FALSE),"")
A13: T-007 | B13: Task | C13: =IFERROR(VLOOKUP($A13,'Tasks'!$A:$M,3,FALSE),"") | D13: =IFERROR(VLOOKUP($A13,'Tasks'!$A:$M,2,FALSE),"") | E13: =IFERROR(VLOOKUP($A13,'Tasks'!$A:$M,9,FALSE),"") | F13: =IFERROR(IF(F13="","",G13-F13),"") | G13: =IFERROR(VLOOKUP($A13,'Tasks'!$A:$M,10,FALSE),"") | H13: =IFERROR(VLOOKUP($A13,'Tasks'!$A:$M,11,FALSE),"") | I13: =IFERROR(VLOOKUP($A13,'Tasks'!$A:$M,7,FALSE),"") | M13: =IFERROR(VLOOKUP($A13,'Tasks'!$A:$M,14,FALSE),"")
A14: T-008 | B14: Task | C14: =IFERROR(VLOOKUP($A14,'Tasks'!$A:$M,3,FALSE),"") | D14: =IFERROR(VLOOKUP($A14,'Tasks'!$A:$M,2,FALSE),"") | E14: =IFERROR(VLOOKUP($A14,'Tasks'!$A:$M,9,FALSE),"") | F14: =IFERROR(IF(F14="","",G14-F14),"") | G14: =IFERROR(VLOOKUP($A14,'Tasks'!$A:$M,10,FALSE),"") | H14: =IFERROR(VLOOKUP($A14,'Tasks'!$A:$M,11,FALSE),"") | I14: =IFERROR(VLOOKUP($A14,'Tasks'!$A:$M,7,FALSE),"") | M14: =IFERROR(VLOOKUP($A14,'Tasks'!$A:$M,14,FALSE),"")
A15: T-009 | B15: Task | C15: =IFERROR(VLOOKUP($A15,'Tasks'!$A:$M,3,FALSE),"") | D15: =IFERROR(VLOOKUP($A15,'Tasks'!$A:$M,2,FALSE),"") | E15: =IFERROR(VLOOKUP($A15,'Tasks'!$A:$M,9,FALSE),"") | F15: =IFERROR(IF(F15="","",G15-F15),"") | G15: =IFERROR(VLOOKUP($A15,'Tasks'!$A:$M,10,FALSE),"") | H15: =IFERROR(VLOOKUP($A15,'Tasks'!$A:$M,11,FALSE),"") | I15: =IFERROR(VLOOKUP($A15,'Tasks'!$A:$M,7,FALSE),"") | M15: =IFERROR(VLOOKUP($A15,'Tasks'!$A:$M,14,FALSE),"")
A16: T-010 | B16: Task | C16: =IFERROR(VLOOKUP($A16,'Tasks'!$A:$M,3,FALSE),"") | D16: =IFERROR(VLOOKUP($A16,'Tasks'!$A:$M,2,FALSE),"") | E16: =IFERROR(VLOOKUP($A16,'Tasks'!$A:$M,9,FALSE),"") | F16: =IFERROR(IF(F16="","",G16-F16),"") | G16: =IFERROR(VLOOKUP($A16,'Tasks'!$A:$M,10,FALSE),"") | H16: =IFERROR(VLOOKUP($A16,'Tasks'!$A:$M,11,FALSE),"") | I16: =IFERROR(VLOOKUP($A16,'Tasks'!$A:$M,7,FALSE),"") | M16: =IFERROR(VLOOKUP($A16,'Tasks'!$A:$M,14,FALSE),"")
A17: T-011 | B17: Task | C17: =IFERROR(VLOOKUP($A17,'Tasks'!$A:$M,3,FALSE),"") | D17: =IFERROR(VLOOKUP($A17,'Tasks'!$A:$M,2,FALSE),"") | E17: =IFERROR(VLOOKUP($A17,'Tasks'!$A:$M,9,FALSE),"") | F17: =IFERROR(IF(F17="","",G17-F17),"") | G17: =IFERROR(VLOOKUP($A17,'Tasks'!$A:$M,10,FALSE),"") | H17: =IFERROR(VLOOKUP($A17,'Tasks'!$A:$M,11,FALSE),"") | I17: =IFERROR(VLOOKUP($A17,'Tasks'!$A:$M,7,FALSE),"") | M17: =IFERROR(VLOOKUP($A17,'Tasks'!$A:$M,14,FALSE),"")
A18: T-012 | B18: Task | C18: =IFERROR(VLOOKUP($A18,'Tasks'!$A:$M,3,FALSE),"") | D18: =IFERROR(VLOOKUP($A18,'Tasks'!$A:$M,2,FALSE),"") | E18: =IFERROR(VLOOKUP($A18,'Tasks'!$A:$M,9,FALSE),"") | F18: =IFERROR(IF(F18="","",G18-F18),"") | G18: =IFERROR(VLOOKUP($A18,'Tasks'!$A:$M,10,FALSE),"") | H18: =IFERROR(VLOOKUP($A18,'Tasks'!$A:$M,11,FALSE),"") | I18: =IFERROR(VLOOKUP($A18,'Tasks'!$A:$M,7,FALSE),"") | M18: =IFERROR(VLOOKUP($A18,'Tasks'!$A:$M,14,FALSE),"")
... A20: T-014 | B20: Task | C20: =IFERROR(VLOOKUP($A20,'Tasks'!$A:$M,3,FALSE),"") | D20: =IFERROR(VLOOKUP($A20,'Tasks'!$A:$M,2,FALSE),"") | E20: =IFERROR(VLOOKUP($A20,'Tasks'!$A:$M,9,FALSE),"") | F20: =IFERROR(IF(F20="","",G20-F20),"") | G20: =IFERROR(VLOOKUP($A20,'Tasks'!$A:$M,10,FALSE),"") | H20: =IFERROR(VLOOKUP($A20,'Tasks'!$A:$M,11,FALSE),"") | I20: =IFERROR(VLOOKUP($A20,'Tasks'!$A:$M,7,FALSE),"") | M20: =IFERROR(VLOOKUP($A20,'Tasks'!$A:$M,14,FALSE),"")
A21: D-001 | B21: Deliverable | C21: =IFERROR(VLOOKUP($A21,'Deliverables'!$A:$I,3,FALSE),"") | D21: =IFERROR(VLOOKUP($A21,'Deliverables'!$A:$I,2,FALSE),"") | E21: =IFERROR(VLOOKUP($A21,'Deliverables'!$A:$I,6,FALSE),"") | F21: =IFERROR(IF(F21="","",G21-F21),"") | G21: =IFERROR(VLOOKUP($A21,'Deliverables'!$A:$I,7,FALSE),"") | H21: =IFERROR(VLOOKUP($A21,'Deliverables'!$A:$I,8,FALSE),"") | I21: =IFERROR(VLOOKUP($A21,'Deliverables'!$A:$I,5,FALSE),"") | J21: =IFERROR(VLOOKUP($A21,'Deliverables'!$A:$I,9,FALSE),"") | K21: =IFERROR(VLOOKUP($A21,'Deliverables'!$A:$I,10,FALSE),"") | L21: =IFERROR(VLOOKUP($A21,'Deliverables'!$A:$I,11,FALSE),"")
A22: D-002 | B22: Deliverable | C22: =IFERROR(VLOOKUP($A22,'Deliverables'!$A:$I,3,FALSE),"") | D22: =IFERROR(VLOOKUP($A22,'Deliverables'!$A:$I,2,FALSE),"") | E22: =IFERROR(VLOOKUP($A22,'Deliverables'!$A:$I,6,FALSE),"") | F22: =IFERROR(IF(F22="","",G22-F22),"") | G22: =IFERROR(VLOOKUP($A22,'Deliverables'!$A:$I,7,FALSE),"") | H22: =IFERROR(VLOOKUP($A22,'Deliverables'!$A:$I,8,FALSE),"") | I22: =IFERROR(VLOOKUP($A22,'Deliverables'!$A:$I,5,FALSE),"") | J22: =IFERROR(VLOOKUP($A22,'Deliverables'!$A:$I,9,FALSE),"") | K22: =IFERROR(VLOOKUP($A22,'Deliverables'!$A:$I,10,FALSE),"") | L22: =IFERROR(VLOOKUP($A22,'Deliverables'!$A:$I,11,FALSE),"")
A23: D-003 | B23: Deliverable | C23: =IFERROR(VLOOKUP($A23,'Deliverables'!$A:$I,3,FALSE),"") | D23: =IFERROR(VLOOKUP($A23,'Deliverables'!$A:$I,2,FALSE),"") | E23: =IFERROR(VLOOKUP($A23,'Deliverables'!$A:$I,6,FALSE),"") | F23: =IFERROR(IF(F23="","",G23-F23),"") | G23: =IFERROR(VLOOKUP($A23,'Deliverables'!$A:$I,7,FALSE),"") | H23: =IFERROR(VLOOKUP($A23,'Deliverables'!$A:$I,8,FALSE),"") | I23: =IFERROR(VLOOKUP($A23,'Deliverables'!$A:$I,5,FALSE),"") | J23: =IFERROR(VLOOKUP($A23,'Deliverables'!$A:$I,9,FALSE),"") | K23: =IFERROR(VLOOKUP($A23,'Deliverables'!$A:$I,10,FALSE),"") | L23: =IFERROR(VLOOKUP($A23,'Deliverables'!$A:$I,11,FALSE),"")
A24: D-004 | B24: Deliverable | C24: =IFERROR(VLOOKUP($A24,'Deliverables'!$A:$I,3,FALSE),"") | D24: =IFERROR(VLOOKUP($A24,'Deliverables'!$A:$I,2,FALSE),"") | E24: =IFERROR(VLOOKUP($A24,'Deliverables'!$A:$I,6,FALSE),"") | F24: =IFERROR(IF(F24="","",G24-F24),"") | G24: =IFERROR(VLOOKUP($A24,'Deliverables'!$A:$I,7,FALSE),"") | H24: =IFERROR(VLOOKUP($A24,'Deliverables'!$A:$I,8,FALSE),"") | I24: =IFERROR(VLOOKUP($A24,'Deliverables'!$A:$I,5,FALSE),"") | J24: =IFERROR(VLOOKUP($A24,'Deliverables'!$A:$I,9,FALSE),"") | K24: =IFERROR(VLOOKUP($A24,'Deliverables'!$A:$I,10,FALSE),"") | L24: =IFERROR(VLOOKUP($A24,'Deliverables'!$A:$I,11,FALSE),"")
A25: D-005 | B25: Deliverable | C25: =IFERROR(VLOOKUP($A25,'Deliverables'!$A:$I,3,FALSE),"") | D25: =IFERROR(VLOOKUP($A25,'Deliverables'!$A:$I,2,FALSE),"") | E25: =IFERROR(VLOOKUP($A25,'Deliverables'!$A:$I,6,FALSE),"") | F25: =IFERROR(IF(F25="","",G25-F25),"") | G25: =IFERROR(VLOOKUP($A25,'Deliverables'!$A:$I,7,FALSE),"") | H25: =IFERROR(VLOOKUP($A25,'Deliverables'!$A:$I,8,FALSE),"") | I25: =IFERROR(VLOOKUP($A25,'Deliverables'!$A:$I,5,FALSE),"") | J25: =IFERROR(VLOOKUP($A25,'Deliverables'!$A:$I,9,FALSE),"") | K25: =IFERROR(VLOOKUP($A25,'Deliverables'!$A:$I,10,FALSE),"") | L25: =IFERROR(VLOOKUP($A25,'Deliverables'!$A:$I,11,FALSE),"")
A26: D-006 | B26: Deliverable | C26: =IFERROR(VLOOKUP($A26,'Deliverables'!$A:$I,3,FALSE),"") | D26: =IFERROR(VLOOKUP($A26,'Deliverables'!$A:$I,2,FALSE),"") | E26: =IFERROR(VLOOKUP($A26,'Deliverables'!$A:$I,6,FALSE),"") | F26: =IFERROR(IF(F26="","",G26-F26),"") | G26: =IFERROR(VLOOKUP($A26,'Deliverables'!$A:$I,7,FALSE),"") | H26: =IFERROR(VLOOKUP($A26,'Deliverables'!$A:$I,8,FALSE),"") | I26: =IFERROR(VLOOKUP($A26,'Deliverables'!$A:$I,5,FALSE),"") | J26: =IFERROR(VLOOKUP($A26,'Deliverables'!$A:$I,9,FALSE),"") | K26: =IFERROR(VLOOKUP($A26,'Deliverables'!$A:$I,10,FALSE),"") | L26: =IFERROR(VLOOKUP($A26,'Deliverables'!$A:$I,11,FALSE),"")
A27: D-007 | B27: Deliverable | C27: =IFERROR(VLOOKUP($A27,'Deliverables'!$A:$I,3,FALSE),"") | D27: =IFERROR(VLOOKUP($A27,'Deliverables'!$A:$I,2,FALSE),"") | E27: =IFERROR(VLOOKUP($A27,'Deliverables'!$A:$I,6,FALSE),"") | F27: =IFERROR(IF(F27="","",G27-F27),"") | G27: =IFERROR(VLOOKUP($A27,'Deliverables'!$A:$I,7,FALSE),"") | H27: =IFERROR(VLOOKUP($A27,'Deliverables'!$A:$I,8,FALSE),"") | I27: =IFERROR(VLOOKUP($A27,'Deliverables'!$A:$I,5,FALSE),"") | J27: =IFERROR(VLOOKUP($A27,'Deliverables'!$A:$I,9,FALSE),"") | K27: =IFERROR(VLOOKUP($A27,'Deliverables'!$A:$I,10,FALSE),"") | L27: =IFERROR(VLOOKUP($A27,'Deliverables'!$A:$I,11,FALSE),"")
A28: D-008 | B28: Deliverable | C28: =IFERROR(VLOOKUP($A28,'Deliverables'!$A:$I,3,FALSE),"") | D28: =IFERROR(VLOOKUP($A28,'Deliverables'!$A:$I,2,FALSE),"") | E28: =IFERROR(VLOOKUP($A28,'Deliverables'!$A:$I,6,FALSE),"") | F28: =IFERROR(IF(F28="","",G28-F28),"") | G28: =IFERROR(VLOOKUP($A28,'Deliverables'!$A:$I,7,FALSE),"") | H28: =IFERROR(VLOOKUP($A28,'Deliverables'!$A:$I,8,FALSE),"") | I28: =IFERROR(VLOOKUP($A28,'Deliverables'!$A:$I,5,FALSE),"") | J28: =IFERROR(VLOOKUP($A28,'Deliverables'!$A:$I,9,FALSE),"") | K28: =IFERROR(VLOOKUP($A28,'Deliverables'!$A:$I,10,FALSE),"") | L28: =IFERROR(VLOOKUP($A28,'Deliverables'!$A:$I,11,FALSE),"")
A29: D-009 | B29: Deliverable | C29: =IFERROR(VLOOKUP($A29,'Deliverables'!$A:$I,3,FALSE),"") | D29: =IFERROR(VLOOKUP($A29,'Deliverables'!$A:$I,2,FALSE),"") | E29: =IFERROR(VLOOKUP($A29,'Deliverables'!$A:$I,6,FALSE),"") | F29: =IFERROR(IF(F29="","",G29-F29),"") | G29: =IFERROR(VLOOKUP($A29,'Deliverables'!$A:$I,7,FALSE),"") | H29: =IFERROR(VLOOKUP($A29,'Deliverables'!$A:$I,8,FALSE),"") | I29: =IFERROR(VLOOKUP($A29,'Deliverables'!$A:$I,5,FALSE),"") | J29: =IFERROR(VLOOKUP($A29,'Deliverables'!$A:$I,9,FALSE),"") | K29: =IFERROR(VLOOKUP($A29,'Deliverables'!$A:$I,10,FALSE),"") | L29: =IFERROR(VLOOKUP($A29,'Deliverables'!$A:$I,11,FALSE),"")
A30: D-010 | B30: Deliverable | C30: =IFERROR(VLOOKUP($A30,'Deliverables'!$A:$I,3,FALSE),"") | D30: =IFERROR(VLOOKUP($A30,'Deliverables'!$A:$I,2,FALSE),"") | E30: =IFERROR(VLOOKUP($A30,'Deliverables'!$A:$I,6,FALSE),"") | F30: =IFERROR(IF(F30="","",G30-F30),"") | G30: =IFERROR(VLOOKUP($A30,'Deliverables'!$A:$I,7,FALSE),"") | H30: =IFERROR(VLOOKUP($A30,'Deliverables'!$A:$I,8,FALSE),"") | I30: =IFERROR(VLOOKUP($A30,'Deliverables'!$A:$I,5,FALSE),"") | J30: =IFERROR(VLOOKUP($A30,'Deliverables'!$A:$I,9,FALSE),"") | K30: =IFERROR(VLOOKUP($A30,'Deliverables'!$A:$I,10,FALSE),"") | L30: =IFERROR(VLOOKUP($A30,'Deliverables'!$A:$I,11,FALSE),"")
A31: D-011 | B31: Deliverable | C31: =IFERROR(VLOOKUP($A31,'Deliverables'!$A:$I,3,FALSE),"") | D31: =IFERROR(VLOOKUP($A31,'Deliverables'!$A:$I,2,FALSE),"") | E31: =IFERROR(VLOOKUP($A31,'Deliverables'!$A:$I,6,FALSE),"") | F31: =IFERROR(IF(F31="","",G31-F31),"") | G31: =IFERROR(VLOOKUP($A31,'Deliverables'!$A:$I,7,FALSE),"") | H31: =IFERROR(VLOOKUP($A31,'Deliverables'!$A:$I,8,FALSE),"") | I31: =IFERROR(VLOOKUP($A31,'Deliverables'!$A:$I,5,FALSE),"") | J31: =IFERROR(VLOOKUP($A31,'Deliverables'!$A:$I,9,FALSE),"") | K31: =IFERROR(VLOOKUP($A31,'Deliverables'!$A:$I,10,FALSE),"") | L31: =IFERROR(VLOOKUP($A31,'Deliverables'!$A:$I,11,FALSE),"")
A32: D-012 | B32: Deliverable | C32: =IFERROR(VLOOKUP($A32,'Deliverables'!$A:$I,3,FALSE),"") | D32: =IFERROR(VLOOKUP($A32,'Deliverables'!$A:$I,2,FALSE),"") | E32: =IFERROR(VLOOKUP($A32,'Deliverables'!$A:$I,6,FALSE),"") | F32: =IFERROR(IF(F32="","",G32-F32),"") | G32: =IFERROR(VLOOKUP($A32,'Deliverables'!$A:$I,7,FALSE),"") | H32: =IFERROR(VLOOKUP($A32,'Deliverables'!$A:$I,8,FALSE),"") | I32: =IFERROR(VLOOKUP($A32,'Deliverables'!$A:$I,5,FALSE),"") | J32: =IFERROR(VLOOKUP($A32,'Deliverables'!$A:$I,9,FALSE),"") | K32: =IFERROR(VLOOKUP($A32,'Deliverables'!$A:$I,10,FALSE),"") | L32: =IFERROR(VLOOKUP($A32,'Deliverables'!$A:$I,11,FALSE),"")
... A74: D-054 | B74: Deliverable | C74: =IFERROR(VLOOKUP($A74,'Deliverables'!$A:$I,3,FALSE),"") | D74: =IFERROR(VLOOKUP($A74,'Deliverables'!$A:$I,2,FALSE),"") | E74: =IFERROR(VLOOKUP($A74,'Deliverables'!$A:$I,6,FALSE),"") | F74: =IFERROR(IF(F74="","",G74-F74),"") | G74: =IFERROR(VLOOKUP($A74,'Deliverables'!$A:$I,7,FALSE),"") | H74: =IFERROR(VLOOKUP($A74,'Deliverables'!$A:$I,8,FALSE),"") | I74: =IFERROR(VLOOKUP($A74,'Deliverables'!$A:$I,5,FALSE),"") | J74: =IFERROR(VLOOKUP($A74,'Deliverables'!$A:$I,9,FALSE),"") | K74: =IFERROR(VLOOKUP($A74,'Deliverables'!$A:$I,10,FALSE),"") | L74: =IFERROR(VLOOKUP($A74,'Deliverables'!$A:$I,11,FALSE),"")

Sheet Gantt Chart
A1: Item ID | B1: Title | C1: Start | D1: End | E1: Status | F1: 46098 | G1: 46105 | H1: 46112 | I1: 46119 | J1: 46126 | K1: 46133 | L1: 46140 | M1: 46147 | N1: 46154 | O1: 46161 | P1: 46168 | Q1: 46175 | R1: 46182
A2: P-001 | B2: =IFERROR(VLOOKUP($A2,'Timelines'!$A:$K,3,FALSE),"") | C2: =IFERROR(VLOOKUP($A2,'Timelines'!$A:$K,5,FALSE),"") | D2: =IFERROR(VLOOKUP($A2,'Timelines'!$A:$K,7,FALSE),"") | E2: =IFERROR(VLOOKUP($A2,'Timelines'!$A:$K,9,FALSE),"")
A3: P-002 | B3: =IFERROR(VLOOKUP($A3,'Timelines'!$A:$K,3,FALSE),"") | C3: =IFERROR(VLOOKUP($A3,'Timelines'!$A:$K,5,FALSE),"") | D3: =IFERROR(VLOOKUP($A3,'Timelines'!$A:$K,7,FALSE),"") | E3: =IFERROR(VLOOKUP($A3,'Timelines'!$A:$K,9,FALSE),"")
A4: P-003 | B4: =IFERROR(VLOOKUP($A4,'Timelines'!$A:$K,3,FALSE),"") | C4: =IFERROR(VLOOKUP($A4,'Timelines'!$A:$K,5,FALSE),"") | D4: =IFERROR(VLOOKUP($A4,'Timelines'!$A:$K,7,FALSE),"") | E4: =IFERROR(VLOOKUP($A4,'Timelines'!$A:$K,9,FALSE),"")
A5: P-004 | B5: =IFERROR(VLOOKUP($A5,'Timelines'!$A:$K,3,FALSE),"") | C5: =IFERROR(VLOOKUP($A5,'Timelines'!$A:$K,5,FALSE),"") | D5: =IFERROR(VLOOKUP($A5,'Timelines'!$A:$K,7,FALSE),"") | E5: =IFERROR(VLOOKUP($A5,'Timelines'!$A:$K,9,FALSE),"")
A6: P-005 | B6: =IFERROR(VLOOKUP($A6,'Timelines'!$A:$K,3,FALSE),"") | C6: =IFERROR(VLOOKUP($A6,'Timelines'!$A:$K,5,FALSE),"") | D6: =IFERROR(VLOOKUP($A6,'Timelines'!$A:$K,7,FALSE),"") | E6: =IFERROR(VLOOKUP($A6,'Timelines'!$A:$K,9,FALSE),"")
A7: T-001 | B7: =IFERROR(VLOOKUP($A7,'Timelines'!$A:$K,3,FALSE),"") | C7: =IFERROR(VLOOKUP($A7,'Timelines'!$A:$K,5,FALSE),"") | D7: =IFERROR(VLOOKUP($A7,'Timelines'!$A:$K,7,FALSE),"") | E7: =IFERROR(VLOOKUP($A7,'Timelines'!$A:$K,9,FALSE),"")
A8: T-002 | B8: =IFERROR(VLOOKUP($A8,'Timelines'!$A:$K,3,FALSE),"") | C8: =IFERROR(VLOOKUP($A8,'Timelines'!$A:$K,5,FALSE),"") | D8: =IFERROR(VLOOKUP($A8,'Timelines'!$A:$K,7,FALSE),"") | E8: =IFERROR(VLOOKUP($A8,'Timelines'!$A:$K,9,FALSE),"")
A9: T-003 | B9: =IFERROR(VLOOKUP($A9,'Timelines'!$A:$K,3,FALSE),"") | C9: =IFERROR(VLOOKUP($A9,'Timelines'!$A:$K,5,FALSE),"") | D9: =IFERROR(VLOOKUP($A9,'Timelines'!$A:$K,7,FALSE),"") | E9: =IFERROR(VLOOKUP($A9,'Timelines'!$A:$K,9,FALSE),"")
A10: T-004 | B10: =IFERROR(VLOOKUP($A10,'Timelines'!$A:$K,3,FALSE),"") | C10: =IFERROR(VLOOKUP($A10,'Timelines'!$A:$K,5,FALSE),"") | D10: =IFERROR(VLOOKUP($A10,'Timelines'!$A:$K,7,FALSE),"") | E10: =IFERROR(VLOOKUP($A10,'Timelines'!$A:$K,9,FALSE),"")
A11: T-005 | B11: =IFERROR(VLOOKUP($A11,'Timelines'!$A:$K,3,FALSE),"") | C11: =IFERROR(VLOOKUP($A11,'Timelines'!$A:$K,5,FALSE),"") | D11: =IFERROR(VLOOKUP($A11,'Timelines'!$A:$K,7,FALSE),"") | E11: =IFERROR(VLOOKUP($A11,'Timelines'!$A:$K,9,FALSE),"")
A12: T-006 | B12: =IFERROR(VLOOKUP($A12,'Timelines'!$A:$K,3,FALSE),"") | C12: =IFERROR(VLOOKUP($A12,'Timelines'!$A:$K,5,FALSE),"") | D12: =IFERROR(VLOOKUP($A12,'Timelines'!$A:$K,7,FALSE),"") | E12: =IFERROR(VLOOKUP($A12,'Timelines'!$A:$K,9,FALSE),"")
A13: T-007 | B13: =IFERROR(VLOOKUP($A13,'Timelines'!$A:$K,3,FALSE),"") | C13: =IFERROR(VLOOKUP($A13,'Timelines'!$A:$K,5,FALSE),"") | D13: =IFERROR(VLOOKUP($A13,'Timelines'!$A:$K,7,FALSE),"") | E13: =IFERROR(VLOOKUP($A13,'Timelines'!$A:$K,9,FALSE),"")
... A74: D-054 | B74: =IFERROR(VLOOKUP($A74,'Timelines'!$A:$K,3,FALSE),"") | C74: =IFERROR(VLOOKUP($A74,'Timelines'!$A:$K,5,FALSE),"") | D74: =IFERROR(VLOOKUP($A74,'Timelines'!$A:$K,7,FALSE),"") | E74: =IFERROR(VLOOKUP($A74,'Timelines'!$A:$K,9,FALSE),"")
